bench	kind	operator	runs	float_ms	double_ms	speedup	max_abs	source
precision_cat3_bench	list	DeformableSimplexMesh3DBalloonForceFilter	3	20.775600	22.976800	1.105951	0	cat3
precision_cat3_bench	list	DeformableSimplexMesh3DGradientConstraintForceFilter	3	18.369500	20.072000	1.092681	0	cat3
precision_cat3_bench	list	LabeledPointSetToPointSetMetricv4	3	0.360200	2.347100	6.516102	0	cat3
precision_cat3_bench	list	QuadricDecimationQuadEdgeMeshFilter	3	128.271400	128.414700	1.001117	0	cat3
precision_cat3_bench	list	SquaredEdgeLengthDecimationQuadEdgeMeshFilter	3	17.873900	17.892800	1.001057	0	cat3
precision_conv_bench	suite	BoxMean(radius=15)	3	63.467900	73.103200	1.151814	8e-06	suite-conv+accum592
precision_conv_bench	suite	FFTConvolution(kernel=31,sigma=4)	3	433.668600	437.605700	1.009079	8e-06	suite-conv
precision_conv_bench	suite	Mean(radius=15)	3	22.523000	57.940900	2.572521	8e-06	suite-conv+accum592
precision_extra35_bench	list	BSplineControlPointImageFilter	3	0.838100	0.890600	1.062642	0	extra35
precision_extra35_bench	list	DiffusionTensor3DReconstructionImageFilter	3	147.613100	147.653600	1.000274	0	extra35
precision_extra35_bench	list	GradientVectorFlowImageFilter	3	9.403100	9.796800	1.041869	0	extra35
precision_extra35_bench	list	ImplicitManifoldNormalVectorFilter	3	102.944500	105.871400	1.028432	0	extra35
precision_extra35_bench	list	MRIBiasFieldCorrectionFilter	3	63.978000	64.254000	1.004314	0	extra35
precision_extra35_bench	list	MaskedMovingHistogramImageFilter	3	1.334800	3.052700	2.287009	0	extra35
precision_extra35_bench	list	MultiScaleHessianBasedMeasureImageFilter	3	23.417000	26.235600	1.120366	0	extra35
precision_extra35_bench	list	SliceBySliceImageFilter	3	4.344400	4.775100	1.099139	0	extra35
precision_extra35_bench	list	SpatialFunctionImageEvaluatorFilter	3	0.111200	0.113400	1.019784	0	extra35
precision_extra35_bench	list	VectorThresholdSegmentationLevelSetImageFilter	3	2.754800	3.230600	1.172717	0	extra35
precision_fill_missing_bench	list	AbsImageFilter	3	8.368200	18.721400	2.237208	0	fill_missing
precision_fill_missing_bench	list	AbsoluteValueDifferenceImageFilter	3	7.434600	18.230200	2.452075	0	fill_missing
precision_fill_missing_bench	list	AccumulateImageFilter	3	26.975500	39.402800	1.460688	0	fill_missing
precision_fill_missing_bench	list	AcosImageFilter	3	8.043700	19.223000	2.389821	4e-08	fill_missing
precision_fill_missing_bench	list	AdaptiveHistogramEqualizationImageFilter	3	20.125400	34.002000	1.689507	7.63e-06	fill_missing
precision_fill_missing_bench	list	AddImageFilter	3	8.137500	19.087800	2.345659	0	fill_missing
precision_fill_missing_bench	list	AntiAliasBinaryImageFilter	3	227.804600	255.694100	1.122427	2.2e-07	fill_missing
precision_fill_missing_bench	list	ApproximateSignedDistanceMapImageFilter	3	230.214200	276.281600	1.200107	2.4e-07	fill_missing
precision_fill_missing_bench	list	AsinImageFilter	3	8.042600	18.522800	2.303086	4e-08	fill_missing
precision_fill_missing_bench	list	Atan2ImageFilter	3	7.513800	17.948900	2.388791	2e-08	fill_missing
precision_fill_missing_bench	list	AtanImageFilter	3	8.155300	19.310700	2.367871	6e-08	fill_missing
precision_fill_missing_bench	list	BSplineDownsampleImageFilter	3	18.747300	54.223600	2.892342	0	fill_missing
precision_fill_missing_bench	list	BSplineUpsampleImageFilter	3	345.231100	365.614500	1.059043	0	fill_missing
precision_fill_missing_bench	list	BinShrinkImageFilter	3	8.747000	18.066400	2.065440	0	fill_missing
precision_fill_missing_bench	list	BinaryClosingByReconstructionImageFilter	3	172.495600	187.184900	1.085158	0	fill_missing
precision_fill_missing_bench	list	BinaryDilateImageFilter	3	81.812100	100.564900	1.229218	0	fill_missing
precision_fill_missing_bench	list	BinaryFillholeImageFilter	3	72.617200	72.906400	1.003983	0	fill_missing
precision_fill_missing_bench	list	BinaryGrindPeakImageFilter	3	71.722600	71.870100	1.002057	0	fill_missing
precision_fill_missing_bench	list	BinaryImageToLabelMapFilter	3	44.617100	45.871000	1.028104	0	fill_missing
precision_fill_missing_bench	list	BinaryImageToShapeLabelMapFilter	3	65.893900	66.920500	1.015580	0	fill_missing
precision_fill_missing_bench	list	BinaryMedianImageFilter	3	8.573400	8.685200	1.013040	0	fill_missing
precision_fill_missing_bench	list	BinaryMinMaxCurvatureFlowImageFilter	3	89.968600	99.655600	1.107671	0	fill_missing
precision_fill_missing_bench	list	BinaryMorphologicalClosingImageFilter	3	229.317100	238.360700	1.039437	0	fill_missing
precision_fill_missing_bench	list	BinaryMorphologicalOpeningImageFilter	3	190.666400	210.585000	1.104468	0	fill_missing
precision_fill_missing_bench	list	BinaryOpeningByReconstructionImageFilter	3	197.231000	211.866600	1.074205	0	fill_missing
precision_fill_missing_bench	list	BinaryPruningImageFilter	3	174.528300	189.502700	1.085799	0	fill_missing
precision_fill_missing_bench	list	BinaryShapeKeepNObjectsImageFilter	3	70.616900	70.755800	1.001967	0	fill_missing
precision_fill_missing_bench	list	BinaryThresholdImageFilter	3	7.431300	17.872100	2.404976	0	fill_missing
precision_fill_missing_bench	list	BinaryThresholdProjectionImageFilter	3	9.062600	18.933700	2.089213	0	fill_missing
precision_fill_missing_bench	list	BinomialBlurImageFilter	3	131.242700	160.933400	1.226227	0	fill_missing
precision_fill_missing_bench	list	BlackTopHatImageFilter	3	40.253200	54.701900	1.358945	0	fill_missing
precision_fill_missing_bench	list	BoundedReciprocalImageFilter	3	7.295000	18.095200	2.480493	1e-08	fill_missing
precision_fill_missing_bench	list	BoxMeanImageFilter	3	10.757600	23.447000	2.179575	6.78e-06	fill_missing
precision_fill_missing_bench	list	BoxSigmaImageFilter	3	11.465800	20.001800	1.744475	1.84e-06	fill_missing
precision_fill_missing_bench	list	CannyEdgeDetectionImageFilter	3	71.834800	95.422100	1.328355	0	fill_missing
precision_fill_missing_bench	list	ChangeInformationImageFilter	3	0.045000	8.569400	190.431111	0	fill_missing
precision_fill_missing_bench	list	ChangeLabelLabelMapFilter	3	46.288800	46.508700	1.004751	0	fill_missing
precision_fill_missing_bench	list	CheckerBoardImageFilter	3	8.003800	20.870200	2.607536	0	fill_missing
precision_fill_missing_bench	list	ClampImageFilter	3	7.401400	19.257800	2.601913	0	fill_missing
precision_fill_missing_bench	list	ClosingByReconstructionImageFilter	3	215.416600	328.323500	1.524133	0	fill_missing
precision_fill_missing_bench	list	ComposeDisplacementFieldsImageFilter	3	10.427700	11.087800	1.063303	0	fill_missing
precision_fill_missing_bench	list	ComposeImageFilter	3	8.674100	17.432800	2.009753	0	fill_missing
precision_fill_missing_bench	list	ConfidenceConnectedImageFilter	3	6.312300	23.324700	3.695119	0	fill_missing
precision_fill_missing_bench	list	ConnectedThresholdImageFilter	3	1.494200	13.789700	9.228818	0	fill_missing
precision_fill_missing_bench	list	ConstantPadImageFilter	3	8.666800	17.597200	2.030415	0	fill_missing
precision_fill_missing_bench	list	ConstrainedValueAdditionImageFilter	3	8.191200	19.850900	2.423442	0	fill_missing
precision_fill_missing_bench	list	ConstrainedValueDifferenceImageFilter	3	9.034500	17.727900	1.962245	0	fill_missing
precision_fill_missing_bench	list	ContourDirectedMeanDistanceImageFilter	3	69.757000	70.078700	1.004612	0	fill_missing
precision_fill_missing_bench	list	ContourMeanDistanceImageFilter	3	141.000300	144.560200	1.025247	0	fill_missing
precision_fill_missing_bench	list	ConvolutionImageFilter	3	10.493600	21.822300	2.079582	7.32e-06	fill_missing
precision_fill_missing_bench	list	CosImageFilter	3	7.976500	31.927800	4.002733	3e-08	fill_missing
precision_fill_missing_bench	list	CropImageFilter	3	9.390500	21.669000	2.307545	0	fill_missing
precision_fill_missing_bench	list	CyclicShiftImageFilter	3	8.850300	21.145200	2.389207	0	fill_missing
precision_fill_missing_bench	list	DemonsRegistrationFilter	3	164.400600	192.045800	1.168158	0	fill_missing
precision_fill_missing_bench	list	DerivativeImageFilter	3	7.895800	19.441800	2.462296	0	fill_missing
precision_fill_missing_bench	list	DifferenceOfGaussiansGradientImageFilter	3	23.654300	57.125500	2.415015	0	fill_missing
precision_fill_missing_bench	list	DiscreteGaussianDerivativeImageFilter	3	40.743800	64.021200	1.571311	4.5e-07	fill_missing
precision_fill_missing_bench	list	DisplacementFieldJacobianDeterminantFilter	3	18.654500	19.993900	1.071800	0	fill_missing
precision_fill_missing_bench	list	DivideOrZeroOutImageFilter	3	7.345400	17.483600	2.380211	0	fill_missing
precision_fill_missing_bench	list	ExpNegativeImageFilter	3	7.281300	17.922000	2.461374	1e-08	fill_missing
precision_fill_missing_bench	list	ExpandImageFilter	3	9.171600	25.218900	2.749673	0	fill_missing
precision_fill_missing_bench	list	ExtractImageFilter	3	8.691000	20.026800	2.304315	0	fill_missing
precision_fill_missing_bench	list	FFTDiscreteGaussianImageFilter	3	641.649800	657.329900	1.024437	7.79e-06	fill_missing
precision_fill_missing_bench	list	FFTNormalizedCorrelationImageFilter	3	17769.982900	21400.570600	1.204310	3.28e-06	fill_missing
precision_fill_missing_bench	list	FFTPadImageFilter	3	7.365800	17.828000	2.420375	0	fill_missing
precision_fill_missing_bench	list	FFTShiftImageFilter	3	7.577000	18.349100	2.421684	0	fill_missing
precision_fill_missing_bench	list	FastChamferDistanceImageFilter	3	141.413700	163.973300	1.159529	0	fill_missing
precision_fill_missing_bench	list	FastIncrementalBinaryDilateImageFilter	3	85.478100	98.096800	1.147625	0	fill_missing
precision_fill_missing_bench	list	FastSymmetricForcesDemonsRegistrationFilter	3	203.316200	241.792100	1.189242	0	fill_missing
precision_fill_missing_bench	list	FlipImageFilter	3	9.112500	21.119700	2.317663	0	fill_missing
precision_fill_missing_bench	list	GradientImageFilter	3	8.957800	21.556900	2.406495	0	fill_missing
precision_fill_missing_bench	list	GradientMagnitudeImageFilter	3	7.965900	19.173600	2.406960	1.88e-06	fill_missing
precision_fill_missing_bench	list	GradientMagnitudeRecursiveGaussianImageFilter	3	1982.240800	2636.155800	1.329887	1.87e-06	fill_missing
precision_fill_missing_bench	list	GradientRecursiveGaussianImageFilter	3	91.800600	3407.555300	37.119096	0	fill_missing
precision_fill_missing_bench	list	GrayscaleDilateImageFilter	3	8.255500	19.048100	2.307322	0	fill_missing
precision_fill_missing_bench	list	GrayscaleErodeImageFilter	3	8.137600	19.101900	2.347363	0	fill_missing
precision_fill_missing_bench	list	GrayscaleFillholeImageFilter	3	580.825600	728.055700	1.253484	0	fill_missing
precision_fill_missing_bench	list	GrayscaleGrindPeakImageFilter	3	315.143400	450.895400	1.430763	0	fill_missing
precision_fill_missing_bench	list	GrayscaleMorphologicalClosingImageFilter	3	33.975800	49.063100	1.444060	0	fill_missing
precision_fill_missing_bench	list	GrayscaleMorphologicalOpeningImageFilter	3	33.707500	49.135700	1.457708	0	fill_missing
precision_fill_missing_bench	list	HConcaveImageFilter	3	237.872000	352.593200	1.482281	0	fill_missing
precision_fill_missing_bench	list	HConvexImageFilter	3	274.271900	382.816800	1.395757	0	fill_missing
precision_fill_missing_bench	list	HMaximaImageFilter	3	260.361800	370.224700	1.421962	0	fill_missing
precision_fill_missing_bench	list	HMinimaImageFilter	3	237.222600	337.178100	1.421357	0	fill_missing
precision_fill_missing_bench	list	HardConnectedComponentImageFilter	3	39.914800	44.299800	1.109859	0	fill_missing
precision_fill_missing_bench	list	HausdorffDistanceImageFilter	3	138.943000	141.953900	1.021670	0	fill_missing
precision_fill_missing_bench	list	HessianRecursiveGaussianImageFilter	3	132.764700	135.494400	1.020560	0	fill_missing
precision_fill_missing_bench	list	HistogramMatchingImageFilter	3	233.593100	267.252600	1.144095	0	fill_missing
precision_fill_missing_bench	list	HistogramThresholdImageFilter	3	26.994100	40.866300	1.513897	0	fill_missing
precision_fill_missing_bench	list	HuangThresholdImageFilter	3	26.216100	48.796500	1.861318	0	fill_missing
precision_fill_missing_bench	list	IntensityWindowingImageFilter	3	7.299200	18.820700	2.578461	0	fill_missing
precision_fill_missing_bench	list	IntermodesThresholdImageFilter	3	24.615000	36.851300	1.497107	0	fill_missing
precision_fill_missing_bench	list	InverseDeconvolutionImageFilter	3	630.413400	675.381500	1.071331	0	fill_missing
precision_fill_missing_bench	list	InvertDisplacementFieldImageFilter	3	117.703800	157.715100	1.339932	0	fill_missing
precision_fill_missing_bench	list	IsoContourDistanceImageFilter	3	69.448000	71.010600	1.022500	1e-08	fill_missing
precision_fill_missing_bench	list	IsoDataThresholdImageFilter	3	25.367300	37.328800	1.471532	0	fill_missing
precision_fill_missing_bench	list	IsolatedConnectedImageFilter	3	17.844200	24.024400	1.346342	0	fill_missing
precision_fill_missing_bench	list	JoinImageFilter	3	9.558400	18.855600	1.972673	0	fill_missing
precision_fill_missing_bench	list	JoinSeriesImageFilter	3	2.911500	14.703400	5.050112	0	fill_missing
precision_fill_missing_bench	list	KappaSigmaThresholdImageFilter	3	49.737900	94.808700	1.906166	0	fill_missing
precision_fill_missing_bench	list	KittlerIllingworthThresholdImageFilter	3	24.276000	37.677500	1.552047	0	fill_missing
precision_fill_missing_bench	list	LabelContourImageFilter	3	18.916400	19.158800	1.012814	0	fill_missing
precision_fill_missing_bench	list	LabelImageToLabelMapFilter	3	15.116300	15.314900	1.013138	0	fill_missing
precision_fill_missing_bench	list	LandweberDeconvolutionImageFilter	3	1566.564900	1657.884500	1.058293	0	fill_missing
precision_fill_missing_bench	list	LaplacianImageFilter	3	7.837300	18.639600	2.378319	0	fill_missing
precision_fill_missing_bench	list	LaplacianRecursiveGaussianImageFilter	3	58.437400	74.256000	1.270693	0	fill_missing
precision_fill_missing_bench	list	LaplacianSharpeningImageFilter	3	45.355400	58.120300	1.281442	7.23e-06	fill_missing
precision_fill_missing_bench	list	LiThresholdImageFilter	3	24.524100	38.759500	1.580466	0	fill_missing
precision_fill_missing_bench	list	Log10ImageFilter	3	7.258100	19.466300	2.682010	1.2e-07	fill_missing
precision_fill_missing_bench	list	LogImageFilter	3	8.366000	21.235700	2.538334	2.4e-07	fill_missing
precision_fill_missing_bench	list	MaskImageFilter	3	9.117300	22.476900	2.465302	0	fill_missing
precision_fill_missing_bench	list	MaskNegatedImageFilter	3	8.951200	22.279200	2.488962	0	fill_missing
precision_fill_missing_bench	list	MaskedFFTNormalizedCorrelationImageFilter	3	17825.880500	21333.407000	1.196766	3.6e-07	fill_missing
precision_fill_missing_bench	list	MaximumEntropyThresholdImageFilter	3	26.954000	40.424800	1.499770	0	fill_missing
precision_fill_missing_bench	list	MaximumImageFilter	3	7.440200	17.832100	2.396723	0	fill_missing
precision_fill_missing_bench	list	MaximumProjectionImageFilter	3	8.668000	18.024300	2.079407	0	fill_missing
precision_fill_missing_bench	list	MeanImageFilter	3	8.303600	19.614100	2.362120	6.78e-06	fill_missing
precision_fill_missing_bench	list	MeanProjectionImageFilter	3	8.773300	18.299300	2.085794	0	fill_missing
precision_fill_missing_bench	list	MedianImageFilter	3	8.077800	18.789400	2.326054	0	fill_missing
precision_fill_missing_bench	list	MedianProjectionImageFilter	3	9.008500	19.163600	2.127280	0	fill_missing
precision_fill_missing_bench	list	MinimumImageFilter	3	7.364000	17.413500	2.364680	0	fill_missing
precision_fill_missing_bench	list	MinimumMaximumImageFilter	3	8.533200	16.917600	1.982562	0	fill_missing
precision_fill_missing_bench	list	MinimumProjectionImageFilter	3	8.588100	17.967600	2.092151	0	fill_missing
precision_fill_missing_bench	list	MirrorPadImageFilter	3	9.116900	18.226500	1.999199	0	fill_missing
precision_fill_missing_bench	list	ModulusImageFilter	3	8.685100	8.687200	1.000242	0	fill_missing
precision_fill_missing_bench	list	MomentsThresholdImageFilter	3	24.285000	38.072200	1.567725	0	fill_missing
precision_fill_missing_bench	list	MorphologicalGradientImageFilter	3	24.011300	38.303400	1.595224	0	fill_missing
precision_fill_missing_bench	list	MorphologicalWatershedFromMarkersImageFilter	3	361.883200	420.769600	1.162722	0	fill_missing
precision_fill_missing_bench	list	MorphologicalWatershedImageFilter	3	1144.982400	1317.821000	1.150953	0	fill_missing
precision_fill_missing_bench	list	MultiplyImageFilter	3	7.459700	17.718500	2.375230	0	fill_missing
precision_fill_missing_bench	list	N4BiasFieldCorrectionImageFilter	3	853.632300	928.297700	1.087468	7.63e-06	fill_missing
precision_fill_missing_bench	list	NaryAddImageFilter	3	8.752400	17.234100	1.969071	0	fill_missing
precision_fill_missing_bench	list	NaryMaximumImageFilter	3	8.729000	17.395300	1.992817	0	fill_missing
precision_fill_missing_bench	list	NeighborhoodConnectedImageFilter	3	3.023900	14.599300	4.827971	0	fill_missing
precision_fill_missing_bench	list	NoiseImageFilter	3	8.904500	21.654500	2.431860	1.84e-06	fill_missing
precision_fill_missing_bench	list	NormalizeImageFilter	3	14.804500	25.084400	1.694377	6e-08	fill_missing
precision_fill_missing_bench	list	NormalizeToConstantImageFilter	3	14.649400	25.281900	1.725798	0	fill_missing
precision_fill_missing_bench	list	NormalizedCorrelationImageFilter	3	8.698800	21.918200	2.519681	0	fill_missing
precision_fill_missing_bench	list	NotImageFilter	3	8.682100	8.691300	1.001060	0	fill_missing
precision_fill_missing_bench	list	OpeningByReconstructionImageFilter	3	208.256300	324.259700	1.557022	0	fill_missing
precision_fill_missing_bench	list	OtsuMultipleThresholdsImageFilter	3	133.239000	172.892900	1.297615	0	fill_missing
precision_fill_missing_bench	list	OtsuThresholdImageFilter	3	24.300500	36.962200	1.521047	0	fill_missing
precision_fill_missing_bench	list	PasteImageFilter	3	8.340500	20.798000	2.493615	0	fill_missing
precision_fill_missing_bench	list	PermuteAxesImageFilter	3	8.231500	22.748700	2.763615	0	fill_missing
precision_fill_missing_bench	list	ProjectedLandweberDeconvolutionImageFilter	3	1477.845500	1563.785900	1.058152	0	fill_missing
precision_fill_missing_bench	list	RankImageFilter	3	10.925100	24.688600	2.259805	0	fill_missing
precision_fill_missing_bench	list	RecursiveGaussianImageFilter	3	8.875000	20.567300	2.317442	7.63e-06	fill_missing
precision_fill_missing_bench	list	RegionOfInterestImageFilter	3	8.577300	19.634900	2.289170	0	fill_missing
precision_fill_missing_bench	list	RegionalMaximaImageFilter	3	180.421600	207.311700	1.149040	0	fill_missing
precision_fill_missing_bench	list	RegionalMinimaImageFilter	3	180.391800	212.667400	1.178919	0	fill_missing
precision_fill_missing_bench	list	RelabelComponentImageFilter	3	16.829900	16.844500	1.000868	0	fill_missing
precision_fill_missing_bench	list	RenyiEntropyThresholdImageFilter	3	28.687500	42.738300	1.489788	0	fill_missing
precision_fill_missing_bench	list	RescaleIntensityImageFilter	3	15.921900	34.707300	2.179847	3e-08	fill_missing
precision_fill_missing_bench	list	RichardsonLucyDeconvolutionImageFilter	3	2870.780200	2886.082900	1.005331	0	fill_missing
precision_fill_missing_bench	list	RoundImageFilter	3	7.417400	17.660800	2.380996	0	fill_missing
precision_fill_missing_bench	list	SLICImageFilter	3	2273.793600	2388.083300	1.050264	0	fill_missing
precision_fill_missing_bench	list	ScalarConnectedComponentImageFilter	3	2651.513000	2711.352000	1.022568	0	fill_missing
precision_fill_missing_bench	list	ScalarImageKmeansImageFilter	3	4382.658300	5363.931600	1.223899	0	fill_missing
precision_fill_missing_bench	list	ScalarToRGBColormapImageFilter	3	24.579200	33.572800	1.365903	0	fill_missing
precision_fill_missing_bench	list	ShanbhagThresholdImageFilter	3	25.642400	39.160200	1.527166	0	fill_missing
precision_fill_missing_bench	list	ShapeRelabelImageFilter	3	79.603500	80.307500	1.008844	0	fill_missing
precision_fill_missing_bench	list	ShiftScaleImageFilter	3	7.325300	17.730400	2.420433	0	fill_missing
precision_fill_missing_bench	list	ShrinkImageFilter	3	8.508500	17.432900	2.048881	0	fill_missing
precision_fill_missing_bench	list	SimpleContourExtractorImageFilter	3	8.135500	20.342700	2.500486	0	fill_missing
precision_fill_missing_bench	list	SinImageFilter	3	8.255100	19.769200	2.394786	3e-08	fill_missing
precision_fill_missing_bench	list	SmoothingRecursiveGaussianImageFilter	3	648.121200	1982.330200	3.058579	0	fill_missing
precision_fill_missing_bench	list	SqrtImageFilter	3	7.855700	18.475800	2.351897	4.7e-07	fill_missing
precision_fill_missing_bench	list	SquareImageFilter	3	7.307800	17.547300	2.401174	0	fill_missing
precision_fill_missing_bench	list	SquaredDifferenceImageFilter	3	7.541300	18.029500	2.390768	0	fill_missing
precision_fill_missing_bench	list	StandardDeviationProjectionImageFilter	3	8.856900	18.640000	2.104574	0	fill_missing
precision_fill_missing_bench	list	StatisticsImageFilter	3	8.389700	17.030200	2.029894	0	fill_missing
precision_fill_missing_bench	list	SubtractImageFilter	3	7.479100	18.060800	2.414836	0	fill_missing
precision_fill_missing_bench	list	SumProjectionImageFilter	3	8.596200	18.216700	2.119157	0	fill_missing
precision_fill_missing_bench	list	SymmetricForcesDemonsRegistrationFilter	3	226.636900	264.394700	1.166600	0	fill_missing
precision_fill_missing_bench	list	TanImageFilter	3	8.342400	19.568200	2.345632	4.99e-06	fill_missing
precision_fill_missing_bench	list	TernaryAddImageFilter	3	8.667700	17.085800	1.971203	0	fill_missing
precision_fill_missing_bench	list	ThresholdImageFilter	3	8.815200	20.973900	2.379288	0	fill_missing
precision_fill_missing_bench	list	ThresholdLabelerImageFilter	3	8.873400	22.929000	2.584015	0	fill_missing
precision_fill_missing_bench	list	ThresholdMaximumConnectedComponentsImageFilter	3	1248.453500	1268.200900	1.015817	0	fill_missing
precision_fill_missing_bench	list	TileImageFilter	3	21.530900	30.145800	1.400118	0	fill_missing
precision_fill_missing_bench	list	TobogganImageFilter	3	234.233400	265.143100	1.131961	0	fill_missing
precision_fill_missing_bench	list	TriangleThresholdImageFilter	3	24.392300	39.289600	1.610738	0	fill_missing
precision_fill_missing_bench	list	ValuedRegionalMaximaImageFilter	3	174.976500	201.595100	1.152127	0	fill_missing
precision_fill_missing_bench	list	ValuedRegionalMinimaImageFilter	3	166.884000	212.553300	1.273659	0	fill_missing
precision_fill_missing_bench	list	VectorConfidenceConnectedImageFilter	3	19.589400	36.675300	1.872201	0	fill_missing
precision_fill_missing_bench	list	VectorMagnitudeImageFilter	3	17.944200	27.927600	1.556358	0	fill_missing
precision_fill_missing_bench	list	VnlForwardFFTImageFilter	3	123.748900	185.756000	1.501072	0	fill_missing
precision_fill_missing_bench	list	VnlInverseFFTImageFilter	3	215.747600	314.823600	1.459222	0	fill_missing
precision_fill_missing_bench	list	VotingBinaryImageFilter	3	9.178500	9.218500	1.004358	0	fill_missing
precision_fill_missing_bench	list	WarpImageFilter	3	9.566200	23.794300	2.487330	7.93e-06	fill_missing
precision_fill_missing_bench	list	WatershedImageFilter	3	927.181900	943.251800	1.017332	0	fill_missing
precision_fill_missing_bench	list	WeightedAddImageFilter	3	8.583900	20.965700	2.442445	0	fill_missing
precision_fill_missing_bench	list	WhiteTopHatImageFilter	3	40.901800	58.823000	1.438152	0	fill_missing
precision_fill_missing_bench	list	WrapPadImageFilter	3	9.383300	18.291200	1.949336	0	fill_missing
precision_fill_missing_bench	list	YenThresholdImageFilter	3	24.392300	38.552900	1.580536	0	fill_missing
precision_fill_missing_bench	list	ZeroCrossingImageFilter	3	7.627100	18.898300	2.477783	0	fill_missing
precision_fill_missing_bench	list	ZeroFluxNeumannPadImageFilter	3	9.676500	19.218600	1.986111	0	fill_missing
precision_levelset_bench	list	AnisotropicFourthOrderLevelSetImageFilter	3	8714.245500	8848.158300	1.015367	0	levelset
precision_levelset_bench	list	BinaryMaskToNarrowBandPointSetFilter	3	165.374300	169.198200	1.023123	0	levelset
precision_levelset_bench	list	CannySegmentationLevelSetImageFilter	3	1354.268900	1388.292400	1.025123	0	levelset
precision_levelset_bench	list	CollidingFrontsImageFilter	3	4047.985600	4234.768400	1.046142	0	levelset
precision_levelset_bench	list	CurvesLevelSetImageFilter	3	275.185700	279.374600	1.015222	0	levelset
precision_levelset_bench	list	ExtensionVelocitiesImageFilter	3	1438.762300	1538.954400	1.069638	0	levelset
precision_levelset_bench	list	GeodesicActiveContourLevelSetImageFilter	3	274.211300	277.232000	1.011016	0	levelset
precision_levelset_bench	list	LaplacianSegmentationLevelSetImageFilter	3	99.763000	108.778700	1.090371	0	levelset
precision_levelset_bench	list	NarrowBandCurvesLevelSetImageFilter	3	516.754700	519.360200	1.005042	0	levelset
precision_levelset_bench	list	NarrowBandThresholdSegmentationLevelSetImageFilter	3	331.055200	352.960900	1.066169	0	levelset
precision_levelset_bench	list	ReinitializeLevelSetImageFilter	3	1267.764800	1315.804200	1.037893	0	levelset
precision_levelset_bench	list	ShapeDetectionLevelSetImageFilter	3	85.721500	85.875200	1.001793	0	levelset
precision_levelset_bench	list	ThresholdSegmentationLevelSetImageFilter	3	92.162700	113.306200	1.229415	0	levelset
precision_levelset_bench	list	UnsharpMaskLevelSetImageFilter	3	973.490400	992.528600	1.019557	0	levelset
precision_metric_bench	list	BSplineScatteredDataPointSetToImageFilter	3	38.058400	38.948800	1.023396	0	metric
precision_metric_bench	list	CorrelationImageToImageMetricv4	3	788.806500	1154.457300	1.463549	0	metric
precision_metric_bench	list	EuclideanDistancePointMetric	3	3444.374600	3445.799200	1.000414	0	metric
precision_metric_bench	list	EuclideanDistancePointSetToPointSetMetricv4	3	39.706900	40.564000	1.021586	0	metric
precision_metric_bench	list	GradientDifferenceImageToImageMetric	3	2914.127800	4233.745000	1.452834	0	metric
precision_metric_bench	list	JensenHavrdaCharvatTsallisPointSetToPointSetMetricv4	3	32.460400	32.888100	1.013176	0	metric
precision_metric_bench	list	KappaStatisticImageToImageMetric	3	205.090300	227.551300	1.109518	0	metric
precision_metric_bench	list	MatchCardinalityImageToImageMetric	3	9.348400	9.953600	1.064738	0	metric
precision_metric_bench	list	MattesMutualInformationImageToImageMetric	3	77.013800	91.586800	1.189226	0	metric
precision_metric_bench	list	MattesMutualInformationImageToImageMetricv4	3	157.026100	162.834000	1.036987	0	metric
precision_metric_bench	list	MutualInformationImageToImageMetric	3	24936.092100	24956.389500	1.000814	0	metric
precision_metric_bench	list	ObjectToObjectMultiMetricv4	3	4911.920700	8092.101700	1.647441	0	metric
precision_metric_bench	list	PointSetToPointSetRegistrationMethod	3	130.915300	131.531400	1.004706	0	metric
precision_path_mesh_bench	list	BorderQuadEdgeMeshFilter	3	2.897500	2.964100	1.022985	0	path_mesh
precision_path_mesh_bench	list	ContourExtractor2DImageFilter	3	136.903400	168.661100	1.231972	0	path_mesh
precision_path_mesh_bench	list	DelaunayConformingQuadEdgeMeshFilter	3	27.814700	28.672900	1.030854	0	path_mesh
precision_path_mesh_bench	list	DiscreteGaussianCurvatureQuadEdgeMeshFilter	3	34.340200	34.663700	1.009420	0	path_mesh
precision_path_mesh_bench	list	DiscreteMaximumCurvatureQuadEdgeMeshFilter	3	43.498000	43.901100	1.009267	0	path_mesh
precision_path_mesh_bench	list	DiscreteMeanCurvatureQuadEdgeMeshFilter	3	41.889600	42.288200	1.009515	0	path_mesh
precision_path_mesh_bench	list	ExtractOrthogonalSwath2DImageFilter	3	0.441900	8.682900	19.649016	0	path_mesh
precision_path_mesh_bench	list	PathToImageFilter	3	0.867600	0.983200	1.133241	0	path_mesh
precision_remain_bench	list	BayesianClassifierInitializationImageFilter	3	5154.858500	6441.515100	1.249601	0	remain
precision_remain_bench	list	BinaryImageToStatisticsLabelMapFilter	3	42.973200	52.627700	1.224663	0	remain
precision_remain_bench	list	BinaryReconstructionByDilationImageFilter	3	49.261500	50.046200	1.015929	0	remain
precision_remain_bench	list	BinaryReconstructionByErosionImageFilter	3	69.021900	70.260400	1.017944	0	remain
precision_remain_bench	list	BinaryStatisticsKeepNObjectsImageFilter	3	62.337400	68.088100	1.092251	0	remain
precision_remain_bench	list	BinaryStatisticsOpeningImageFilter	3	62.234600	72.411700	1.163528	0	remain
precision_remain_bench	list	ComplexToImaginaryImageFilter	3	8.971400	8.985900	1.001616	0	remain
precision_remain_bench	list	ComplexToModulusImageFilter	3	8.874600	8.959300	1.009544	0	remain
precision_remain_bench	list	ComplexToPhaseImageFilter	3	8.689100	8.702000	1.001485	0	remain
precision_remain_bench	list	DiffeomorphicDemonsRegistrationFilter	3	390.320800	430.197000	1.102163	0	remain
precision_remain_bench	list	DisplacementFieldToBSplineImageFilter	3	36.938300	37.317700	1.010271	0	remain
precision_remain_bench	list	EdgePotentialImageFilter	3	18.808300	18.868500	1.003201	0	remain
precision_remain_bench	list	FrequencyBandImageFilter	3	9.807500	10.054100	1.025144	0	remain
precision_remain_bench	list	FullToHalfHermitianImageFilter	3	9.146000	9.422100	1.030188	0	remain
precision_remain_bench	list	GrayscaleConnectedClosingImageFilter	3	780.579700	921.182500	1.180126	0	remain
precision_remain_bench	list	GrayscaleConnectedOpeningImageFilter	3	1114.257900	1362.689400	1.222957	0	remain
precision_remain_bench	list	GrayscaleGeodesicDilateImageFilter	3	53.137400	55.996100	1.053798	0	remain
precision_remain_bench	list	GrayscaleGeodesicErodeImageFilter	3	55.721000	57.550800	1.032839	0	remain
precision_remain_bench	list	HalfToFullHermitianImageFilter	3	9.899800	10.443100	1.054880	0	remain
precision_remain_bench	list	HessianToObjectnessMeasureImageFilter	3	154.691900	160.614500	1.038286	0	remain
precision_remain_bench	list	InterpolateImageFilter	3	48.684600	51.283900	1.053391	0	remain
precision_remain_bench	list	IterativeInverseDisplacementFieldImageFilter	3	2039.414000	2059.933100	1.010061	0	remain
precision_remain_bench	list	LabelImageToShapeLabelMapFilter	3	22.793800	22.870600	1.003369	0	remain
precision_remain_bench	list	LabelMapMaskImageFilter	3	9.620200	16.446800	1.709611	0	remain
precision_remain_bench	list	LabelShapeKeepNObjectsImageFilter	3	48.698000	55.393200	1.137484	0	remain
precision_remain_bench	list	LabelStatisticsImageFilter	3	10.671900	10.724400	1.004919	0	remain
precision_remain_bench	list	LabelStatisticsKeepNObjectsImageFilter	3	202.134900	214.678200	1.062054	0	remain
precision_remain_bench	list	LabelStatisticsOpeningImageFilter	3	193.601100	218.852000	1.130427	0	remain
precision_remain_bench	list	LevelSetMotionRegistrationFilter	3	168.142700	202.962600	1.207085	0	remain
precision_remain_bench	list	MagnitudeAndPhaseToComplexImageFilter	3	10.096400	10.690300	1.058823	0	remain
precision_remain_bench	list	MovingHistogramDilateImageFilter	3	11.033000	15.603300	1.414239	0	remain
precision_remain_bench	list	MovingHistogramErodeImageFilter	3	15.056100	15.390700	1.022224	0	remain
precision_remain_bench	list	MovingHistogramMorphologicalGradientImageFilter	3	10.476200	14.154000	1.351062	0	remain
precision_remain_bench	list	N4BiasFieldCorrectionImageFilter	3	868.687400	1006.400800	1.158530	0	remain
precision_remain_bench	list	PadLabelMapFilter	3	0.151200	0.152300	1.007275	0	remain
precision_remain_bench	list	RGBToLuminanceImageFilter	3	27.723700	28.068300	1.012430	0	remain
precision_remain_bench	list	ReconstructionByDilationImageFilter	3	239.003200	274.889500	1.150150	0	remain
precision_remain_bench	list	ReconstructionByErosionImageFilter	3	229.328500	256.673300	1.119239	0	remain
precision_remain_bench	list	TernaryMagnitudeImageFilter	3	8.765300	8.765400	1.000011	0	remain
precision_remain_bench	list	VanHerkGilWermanErodeImageFilter	3	9.431100	9.625700	1.020634	0	remain
precision_remain_bench	list	VectorCurvatureAnisotropicDiffusionImageFilter	3	446.917800	528.847900	1.183323	0	remain
precision_remain_bench	list	VectorGradientAnisotropicDiffusionImageFilter	3	447.000300	542.045000	1.212628	0	remain
precision_remain_bench	list	VectorIndexSelectionCastImageFilter	3	8.864800	8.980500	1.013052	0	remain
precision_remain_bench	list	VnlForward1DFFTImageFilter	3	10.377400	10.769700	1.037803	0	remain
precision_remain_bench	list	VnlHalfHermitianToRealInverseFFTImageFilter	3	115.019500	140.169900	1.218662	0	remain
precision_remain_bench	list	VnlInverse1DFFTImageFilter	3	9.180200	9.279000	1.010762	0	remain
precision_remain_bench	list	VnlRealToHalfHermitianForwardFFTImageFilter	3	105.146300	124.579600	1.184822	0	remain
precision_remain_bench	list	VoronoiPartitioningImageFilter	3	2.973000	2.984700	1.003935	0	remain
precision_remain_bench	list	VoronoiSegmentationImageFilter	3	2.517900	2.560500	1.016919	0	remain
precision_fail_retry_bench	list	HoughTransform2DLinesImageFilter	1	2.880841	3.954186	1.372580	0	failretry-1803449
precision_remainder_instantiable_bench	list	ImageRegistrationMethodv4	1	55.912045	61.305709	1.096467	0	remainder-1803421
precision_remainder_instantiable_bench	list	MultiResolutionImageRegistrationMethod	1	222.312132	234.613308	1.055333	0	remainder-1803421
precision_four_retry_bench	list	BSplineSyNImageRegistrationMethod	1	113.332898	116.999530	1.032353	6.69191785e-07	fourretry-1803853
precision_four_retry_bench	list	TimeVaryingBSplineVelocityFieldImageRegistrationMethod	1	91.956002	196.033559	2.131819	6.69191785e-07	fourretry-1803853
