module	operator	source_csv	ms_double_bound	ms_float_bound
QuadEdgeMeshFiltering	BorderQuadEdgeMeshFilter	cat3_1024_bound.csv	1.0832	1.0559
QuadEdgeMeshFiltering	ParameterizationQuadEdgeMeshFilter	cat3_1024_bound.csv	1.9451	1.9551
QuadEdgeMeshFiltering	NormalQuadEdgeMeshFilter	cat3_1024_bound.csv	4.7291	4.5354
QuadEdgeMeshFiltering	QuadricDecimationQuadEdgeMeshFilter	cat3_1024_bound.csv	58.5225	58.5662
QuadEdgeMeshFiltering	SquaredEdgeLengthDecimationQuadEdgeMeshFilter	cat3_1024_bound.csv	6.8344	6.9050
QuadEdgeMeshFiltering	LaplacianDeformationQuadEdgeMeshFilterWithHardConstraints	cat3_1024_bound.csv	8.8681	8.8021
QuadEdgeMeshFiltering	LaplacianDeformationQuadEdgeMeshFilterWithSoftConstraints	cat3_1024_bound.csv	24.1679	24.1374
Path	OrthogonalSwath2DPathFilter	cat3_1024_bound.csv	29.9054	35.0621
LevelSetsv4	LevelSetDomainMapImageFilter	cat3_1024_bound.csv	0.0529	0.0556
Metricsv4	LabeledPointSetToPointSetMetricv4	cat3_1024_bound.csv	0.1803	0.1908
LevelSets	GeodesicActiveContourShapePriorLevelSetImageFilter	cat3_1024_bound.csv	4.7120	4.5554
DeformableMesh	DeformableSimplexMesh3DFilter	cat3_1024_bound.csv	9.1631	9.1765
DeformableMesh	DeformableSimplexMesh3DBalloonForceFilter	cat3_1024_bound.csv	5.8593	5.9246
DeformableMesh	DeformableSimplexMesh3DGradientConstraintForceFilter	cat3_1024_bound.csv	5.9962	6.0500
Common	ImageToSpatialObjectRegistrationMethod	cat3_1024_bound.csv	1.2299	1.2346
ImageIntensity	AndImageFilter	construct2_1024_bound.csv	0.5538	0.5057
LabelMap	BinaryImageToLabelMapFilter	construct2_1024_bound.csv	4.7297	4.5856
LabelMap	BinaryImageToShapeLabelMapFilter	construct2_1024_bound.csv	8.0924	7.2895
CurvatureFlow	BinaryMinMaxCurvatureFlowImageFilter	construct2_1024_bound.csv	21.1202	21.8004
ImageIntensity	BinaryNotImageFilter	construct2_1024_bound.csv	1.0182	1.0021
ImageLabel	ChangeLabelImageFilter	construct2_1024_bound.csv	1.0547	1.0413
LabelMap	ChangeLabelLabelMapFilter	construct2_1024_bound.csv	7.9711	7.3409
ImageCompare	CheckerBoardImageFilter	construct2_1024_bound.csv	1.5740	0.7958
ImageCompose	ComposeImageFilter	construct2_1024_bound.csv	1.7447	0.9686
ConnectedComponents	ConnectedComponentImageFilter	construct2_1024_bound.csv	5.9843	4.1297
ImageIntensity	ConstrainedValueAdditionImageFilter	construct2_1024_bound.csv	1.3262	0.5850
PDEDeformable	DemonsRegistrationFilter	construct2_1024_bound.csv	118.9544	76.9897
BinaryMathematicalMorphology	DilateObjectMorphologyImageFilter	construct2_1024_bound.csv	2.0368	1.4297
DisplacementField	DisplacementFieldJacobianDeterminantFilter	construct2_1024_bound.csv	2.5333	2.5414
BinaryMathematicalMorphology	ErodeObjectMorphologyImageFilter	construct2_1024_bound.csv	2.1863	1.8453
ImageGrid	ExtractImageFilter	construct2_1024_bound.csv	1.5342	0.6531
Convolution	FFTNormalizedCorrelationImageFilter	construct2_1024_bound.csv	15621.9139	11144.8767
ImageGradient	GradientImageFilter	construct2_1024_bound.csv	2.4423	1.5841
DistanceMap	HausdorffDistanceImageFilter	construct2_1024_bound.csv	24.3082	20.6315
ImageIntensity	HistogramMatchingImageFilter	construct2_1024_bound.csv	97.0698	92.6769
DisplacementField	InvertDisplacementFieldImageFilter	construct2_1024_bound.csv	33.3201	19.8332
ImageCompose	JoinImageFilter	construct2_1024_bound.csv	1.3244	0.5712
ImageCompose	JoinSeriesImageFilter	construct2_1024_bound.csv	2.5168	0.8325
Thresholding	KappaSigmaThresholdImageFilter	construct2_1024_bound.csv	15.6610	12.9218
ImageLabel	LabelContourImageFilter	construct2_1024_bound.csv	1.4622	1.5572
LabelMap	LabelImageToLabelMapFilter	construct2_1024_bound.csv	1.5832	1.5998
LabelMap	LabelMapToBinaryImageFilter	construct2_1024_bound.csv	8.7388	7.1546
LabelMap	LabelMapToLabelImageFilter	construct2_1024_bound.csv	5.9500	5.8760
Deconvolution	LandweberDeconvolutionImageFilter	construct2_1024_bound.csv	578.4685	598.3225
Convolution	MaskedFFTNormalizedCorrelationImageFilter	construct2_1024_bound.csv	15682.9831	11219.0167
ImageIntensity	MaskImageFilter	construct2_1024_bound.csv	1.3852	0.5749
ImageIntensity	MaskNegatedImageFilter	construct2_1024_bound.csv	1.7457	0.7423
ImageStatistics	MaximumProjectionImageFilter	construct2_1024_bound.csv	1.8589	1.0512
ImageStatistics	MeanProjectionImageFilter	construct2_1024_bound.csv	2.3505	1.3693
ImageStatistics	MinimumProjectionImageFilter	construct2_1024_bound.csv	2.3383	1.4888
ImageIntensity	ModulusImageFilter	construct2_1024_bound.csv	0.5542	0.5649
Watersheds	MorphologicalWatershedImageFilter	construct2_1024_bound.csv	437.8676	373.8077
ImageFilterBase	NoiseImageFilter	construct2_1024_bound.csv	2.6880	2.1139
Convolution	NormalizedCorrelationImageFilter	construct2_1024_bound.csv	3.2789	1.9043
ImageIntensity	NotImageFilter	construct2_1024_bound.csv	0.5732	0.5590
ImageIntensity	OrImageFilter	construct2_1024_bound.csv	0.7178	0.6518
ImageGrid	PasteImageFilter	construct2_1024_bound.csv	2.0321	0.9221
ImageGrid	PermuteAxesImageFilter	construct2_1024_bound.csv	2.7312	1.4440
Smoothing	RecursiveGaussianImageFilter	construct2_1024_bound.csv	1.7807	1.2020
ConnectedComponents	RelabelComponentImageFilter	construct2_1024_bound.csv	1.0611	1.0463
LabelMap	RelabelLabelMapFilter	construct2_1024_bound.csv	6.3988	6.3490
Deconvolution	RichardsonLucyDeconvolutionImageFilter	construct2_1024_bound.csv	938.1531	928.8300
ConnectedComponents	ScalarConnectedComponentImageFilter	construct2_1024_bound.csv	717.5259	712.2885
Classifiers	ScalarImageKmeansImageFilter	construct2_1024_bound.csv	2450.0495	2381.3731
Colormap	ScalarToRGBColormapImageFilter	construct2_1024_bound.csv	6.1876	3.7948
LabelMap	ShapeKeepNObjectsLabelMapFilter	construct2_1024_bound.csv	9.2375	9.0008
ImageCompare	SimilarityIndexImageFilter	construct2_1024_bound.csv	3.7729	3.4710
SuperPixel	SLICImageFilter	construct2_1024_bound.csv	219.9676	222.7619
ImageStatistics	SumProjectionImageFilter	construct2_1024_bound.csv	1.9505	1.3507
Thresholding	ThresholdImageFilter	construct2_1024_bound.csv	1.5558	0.7402
Thresholding	ThresholdLabelerImageFilter	construct2_1024_bound.csv	1.6918	0.7531
Deconvolution	TikhonovDeconvolutionImageFilter	construct2_1024_bound.csv	218.6277	211.3301
Watersheds	TobogganImageFilter	construct2_1024_bound.csv	121.9029	113.3127
ImageIntensity	VectorMagnitudeImageFilter	construct2_1024_bound.csv	4.2486	2.5380
LabelVoting	VotingBinaryIterativeHoleFillingImageFilter	construct2_1024_bound.csv	2.3358	2.2812
ImageGrid	WarpImageFilter	construct2_1024_bound.csv	2.1165	1.7322
ImageIntensity	WeightedAddImageFilter	construct2_1024_bound.csv	1.7097	0.7153
Deconvolution	WienerDeconvolutionImageFilter	construct2_1024_bound.csv	212.5720	211.3942
ImageIntensity	XorImageFilter	construct2_1024_bound.csv	1.0202	1.0053
ImageStatistics	AccumulateImageFilter	construct3_1024_bound.csv	16.8210	13.4786
ImageStatistics	BinaryProjectionImageFilter	construct3_1024_bound.csv	1.2342	1.2809
LabelMap	BinaryShapeKeepNObjectsImageFilter	construct3_1024_bound.csv	8.7455	8.5797
Thresholding	BinaryThresholdProjectionImageFilter	construct3_1024_bound.csv	2.3780	1.3624
ImageGrid	BSplineDownsampleImageFilter	construct3_1024_bound.csv	13.1648	10.2152
ImageGrid	BSplineUpsampleImageFilter	construct3_1024_bound.csv	87.0754	63.8826
DisplacementField	ComposeDisplacementFieldsImageFilter	construct3_1024_bound.csv	6.2867	3.6538
ImageIntensity	ConstrainedValueDifferenceImageFilter	construct3_1024_bound.csv	1.1022	0.5424
DistanceMap	ContourDirectedMeanDistanceImageFilter	construct3_1024_bound.csv	10.6658	9.0445
DistanceMap	ContourMeanDistanceImageFilter	construct3_1024_bound.csv	22.5678	19.6791
ImageGradient	DifferenceOfGaussiansGradientImageFilter	construct3_1024_bound.csv	13.4563	11.9017
DistanceMap	DirectedHausdorffDistanceImageFilter	construct3_1024_bound.csv	10.9660	8.5908
MathematicalMorphology	DoubleThresholdImageFilter	construct3_1024_bound.csv	96.6138	76.4531
DisplacementField	ExponentialDisplacementFieldImageFilter	construct3_1024_bound.csv	3.3735	3.1325
BinaryMathematicalMorphology	FastIncrementalBinaryDilateImageFilter	construct3_1024_bound.csv	37.8968	36.1891
PDEDeformable	FastSymmetricForcesDemonsRegistrationFilter	construct3_1024_bound.csv	74.6835	117.5230
Smoothing	FFTDiscreteGaussianImageFilter	construct3_1024_bound.csv	218.5589	219.3950
ImageSources	GaborImageSource	construct3_1024_bound.csv	104.5851	105.1574
ImageSources	GaussianImageSource	construct3_1024_bound.csv	32.8603	32.7436
ImageGradient	GradientRecursiveGaussianImageFilter	construct3_1024_bound.csv	40.9321	29.7785
ConnectedComponents	HardConnectedComponentImageFilter	construct3_1024_bound.csv	16.8950	16.4448
ImageFeature	HessianRecursiveGaussianImageFilter	construct3_1024_bound.csv	35.2820	33.6295
ImageFeature	HoughTransform2DCirclesImageFilter	construct3_1024_bound.csv	340.5836	327.9146
Deconvolution	InverseDeconvolutionImageFilter	construct3_1024_bound.csv	222.2555	221.3999
Watersheds	IsolatedWatershedImageFilter	construct3_1024_bound.csv	1479.9124	1534.4673
LabelVoting	LabelVotingImageFilter	construct3_1024_bound.csv	13.7589	12.2975
ImageStatistics	MedianProjectionImageFilter	construct3_1024_bound.csv	2.2293	1.6425
ImageStatistics	MinimumMaximumImageFilter	construct3_1024_bound.csv	1.0681	0.5514
Watersheds	MorphologicalWatershedFromMarkersImageFilter	construct3_1024_bound.csv	128.2410	123.6461
ImageIntensity	NaryAddImageFilter	construct3_1024_bound.csv	1.7733	1.0296
ImageIntensity	NaryMaximumImageFilter	construct3_1024_bound.csv	3.5886	1.9443
Deconvolution	ProjectedLandweberDeconvolutionImageFilter	construct3_1024_bound.csv	589.6961	584.4340
LabelMap	ShapeRelabelImageFilter	construct3_1024_bound.csv	5.7471	5.4559
ImageStatistics	StandardDeviationProjectionImageFilter	construct3_1024_bound.csv	2.1549	1.5290
ImageCompare	STAPLEImageFilter	construct3_1024_bound.csv	32.2864	37.1313
ImageStatistics	StatisticsImageFilter	construct3_1024_bound.csv	1.3991	0.7894
PDEDeformable	SymmetricForcesDemonsRegistrationFilter	construct3_1024_bound.csv	45.7087	34.9831
ImageIntensity	TernaryAddImageFilter	construct3_1024_bound.csv	1.6195	0.7760
ConnectedComponents	ThresholdMaximumConnectedComponentsImageFilter	construct3_1024_bound.csv	162.9058	157.9183
ImageGrid	TileImageFilter	construct3_1024_bound.csv	2.6133	1.3237
FFT	VnlForwardFFTImageFilter	construct3_1024_bound.csv	146.9076	122.7988
FFT	VnlInverseFFTImageFilter	construct3_1024_bound.csv	276.4924	240.5228
Watersheds	WatershedImageFilter	construct3_1024_bound.csv	335.7351	326.8760
ImageStatistics	AdaptiveHistogramEqualizationImageFilter	construct_1024_bound.csv	21.0833	23.7979
ImageNoise	AdditiveGaussianNoiseImageFilter	construct_1024_bound.csv	1.7907	0.9174
AntiAlias	AntiAliasBinaryImageFilter	construct_1024_bound.csv	75.9427	69.1919
DistanceMap	ApproximateSignedDistanceMapImageFilter	construct_1024_bound.csv	90.9902	79.6942
ImageLabel	BinaryContourImageFilter	construct_1024_bound.csv	2.1185	1.9573
LabelVoting	BinaryMedianImageFilter	construct_1024_bound.csv	1.0846	1.2274
Smoothing	BinomialBlurImageFilter	construct_1024_bound.csv	76.1965	141.2012
ImageGrid	BinShrinkImageFilter	construct_1024_bound.csv	1.1104	0.5293
ImageFeature	CannyEdgeDetectionImageFilter	construct_1024_bound.csv	21.2230	19.1139
ImageGrid	ChangeInformationImageFilter	construct_1024_bound.csv	1.0791	0.0246
ImageIntensity	ClampImageFilter	construct_1024_bound.csv	1.2669	0.4984
ImageGrid	ConstantPadImageFilter	construct_1024_bound.csv	1.4431	0.7064
ImageGrid	CropImageFilter	construct_1024_bound.csv	1.1711	0.4903
ImageGrid	CyclicShiftImageFilter	construct_1024_bound.csv	1.5951	0.8469
ImageFeature	DerivativeImageFilter	construct_1024_bound.csv	3.7847	1.5138
ImageFeature	DiscreteGaussianDerivativeImageFilter	construct_1024_bound.csv	9.7840	7.8634
ImageGrid	ExpandImageFilter	construct_1024_bound.csv	2.4102	1.4761
DistanceMap	FastChamferDistanceImageFilter	construct_1024_bound.csv	73.1071	66.2936
ImageGrid	FlipImageFilter	construct_1024_bound.csv	1.2464	0.5101
ImageGradient	GradientMagnitudeRecursiveGaussianImageFilter	construct_1024_bound.csv	25.1490	20.5170
Thresholding	HuangThresholdImageFilter	construct_1024_bound.csv	5.5896	4.8936
ImageIntensity	IntensityWindowingImageFilter	construct_1024_bound.csv	1.7625	0.8280
Thresholding	IntermodesThresholdImageFilter	construct_1024_bound.csv	4.5584	3.7032
DistanceMap	IsoContourDistanceImageFilter	construct_1024_bound.csv	11.3825	11.9621
Thresholding	IsoDataThresholdImageFilter	construct_1024_bound.csv	4.6878	4.2271
Thresholding	KittlerIllingworthThresholdImageFilter	construct_1024_bound.csv	5.6534	4.3431
Thresholding	LiThresholdImageFilter	construct_1024_bound.csv	5.4802	4.3369
ImageIntensity	Log10ImageFilter	construct_1024_bound.csv	3.1966	1.5520
ImageIntensity	LogImageFilter	construct_1024_bound.csv	3.1500	1.9596
Thresholding	MaximumEntropyThresholdImageFilter	construct_1024_bound.csv	8.0328	6.9789
CurvatureFlow	MinMaxCurvatureFlowImageFilter	construct_1024_bound.csv	33.4399	36.1486
ImageGrid	MirrorPadImageFilter	construct_1024_bound.csv	1.2188	0.5241
Thresholding	MomentsThresholdImageFilter	construct_1024_bound.csv	5.0893	4.2680
Registration	MultiResolutionPyramidImageFilter	construct_1024_bound.csv	10.9873	6.8332
ImageIntensity	NormalizeToConstantImageFilter	construct_1024_bound.csv	2.3870	1.5049
Thresholding	OtsuMultipleThresholdsImageFilter	construct_1024_bound.csv	60.8047	56.8250
MathematicalMorphology	RankImageFilter	construct_1024_bound.csv	8.3432	11.1496
Registration	RecursiveMultiResolutionPyramidImageFilter	construct_1024_bound.csv	4.9319	3.8212
ImageGrid	RegionOfInterestImageFilter	construct_1024_bound.csv	1.2478	0.5190
Thresholding	RenyiEntropyThresholdImageFilter	construct_1024_bound.csv	9.6019	8.7093
ImageNoise	SaltAndPepperNoiseImageFilter	construct_1024_bound.csv	1.5747	0.8981
Thresholding	ShanbhagThresholdImageFilter	construct_1024_bound.csv	7.3947	6.5518
ImageNoise	ShotNoiseImageFilter	construct_1024_bound.csv	2.7878	1.7834
ImageGrid	ShrinkImageFilter	construct_1024_bound.csv	1.0956	0.4905
ImageIntensity	SigmoidImageFilter	construct_1024_bound.csv	2.7263	1.6557
ImageFeature	SimpleContourExtractorImageFilter	construct_1024_bound.csv	2.4477	0.7611
ImageNoise	SpeckleNoiseImageFilter	construct_1024_bound.csv	92.5558	96.0521
Thresholding	TriangleThresholdImageFilter	construct_1024_bound.csv	5.2616	4.1540
ImageFeature	UnsharpMaskImageFilter	construct_1024_bound.csv	12.8916	8.7967
LabelVoting	VotingBinaryHoleFillingImageFilter	construct_1024_bound.csv	1.2228	1.0778
LabelVoting	VotingBinaryImageFilter	construct_1024_bound.csv	1.3979	1.2182
ImageGrid	WrapPadImageFilter	construct_1024_bound.csv	1.1857	0.5557
Thresholding	YenThresholdImageFilter	construct_1024_bound.csv	4.9648	4.2388
ImageFeature	ZeroCrossingBasedEdgeDetectionImageFilter	construct_1024_bound.csv	12.5059	6.0226
ImageGrid	ZeroFluxNeumannPadImageFilter	construct_1024_bound.csv	1.1804	0.4971
BiasCorrection	MRIBiasFieldCorrectionFilter	extra35_1024_bound.csv	73.8904	43.6892
DiffusionTensorImage	TensorFractionalAnisotropyImageFilter	extra35_1024_bound.csv	0.0663	0.0705
DiffusionTensorImage	TensorRelativeAnisotropyImageFilter	extra35_1024_bound.csv	0.0673	0.0701
DiffusionTensorImage	DiffusionTensor3DReconstructionImageFilter	extra35_1024_bound.csv	114.8369	109.1182
ImageFeature	Hessian3DToVesselnessMeasureImageFilter	extra35_1024_bound.csv	6.9133	6.4988
ImageFeature	MultiScaleHessianBasedMeasureImageFilter	extra35_1024_bound.csv	6.0957	6.1855
Deconvolution	ParametricBlindLeastSquaresDeconvolutionImageFilter	extra35_1024_bound.csv	3.6277	3.9088
Deconvolution	ProjectedIterativeDeconvolutionImageFilter	extra35_1024_bound.csv	9.4706	5.1652
ImageFeature	GradientVectorFlowImageFilter	extra35_1024_bound.csv	2.4052	2.3321
ImageFeature	MaskFeaturePointSelectionFilter	extra35_1024_bound.csv	8.9479	6.7049
FFT	VnlComplexToComplexFFTImageFilter	extra35_1024_bound.csv	0.8376	0.8525
FFT	VnlComplexToComplex1DFFTImageFilter	extra35_1024_bound.csv	0.2595	0.2552
ImageGrid	BSplineControlPointImageFilter	extra35_1024_bound.csv	0.2829	0.2811
ImageGrid	InterpolateImagePointsFilter	extra35_1024_bound.csv	0.4876	0.5048
ImageGrid	OrientImageFilter	extra35_1024_bound.csv	0.2417	0.2369
ImageGrid	SliceBySliceImageFilter	extra35_1024_bound.csv	12.0565	11.8129
ImageIntensity	PolylineMask2DImageFilter	extra35_1024_bound.csv	0.0571	0.0560
ImageIntensity	PolylineMaskImageFilter	extra35_1024_bound.csv	0.4510	0.4470
ImageIntensity	VectorExpandImageFilter	extra35_1024_bound.csv	0.2369	0.2566
ImageIntensity	SymmetricEigenAnalysisImageFilter	extra35_1024_bound.csv	0.2968	0.2873
ImageIntensity	MatrixIndexSelectionImageFilter	extra35_1024_bound.csv	0.5332	0.5481
SpatialFunction	SpatialFunctionImageEvaluatorFilter	extra35_1024_bound.csv	0.0725	0.0692
ImageStatistics	GetAverageSliceImageFilter	extra35_1024_bound.csv	0.1898	0.1821
DisplacementField	InverseDisplacementFieldImageFilter	extra35_1024_bound.csv	0.4049	0.4109
DisplacementField	TimeVaryingVelocityFieldIntegrationImageFilter	extra35_1024_bound.csv	0.1780	0.2027
ImageFusion	LabelMapContourOverlayImageFilter	extra35_1024_bound.csv	0.4259	0.4340
MathematicalMorphology	MaskedMovingHistogramImageFilter	extra35_1024_bound.csv	3.2081	2.9646
ImageFilterBase	CastImageFilter	extra35_1024_bound.csv	0.2519	0.2454
ConnectedComponents	VectorConnectedComponentImageFilter	extra35_1024_bound.csv	0.0785	0.0844
Classifiers	BayesianClassifierImageFilter	extra35_1024_bound.csv	5.7228	5.3443
Voronoi	VoronoiSegmentationRGBImageFilter	extra35_1024_bound.csv	5.8440	5.9919
KLMRegionGrowing	KLMRegionGrowImageFilter	extra35_1024_bound.csv	0.8710	0.8794
LevelSets	VectorThresholdSegmentationLevelSetImageFilter	extra35_1024_bound.csv	1.8261	1.8162
LevelSets	ImplicitManifoldNormalVectorFilter	extra35_1024_bound.csv	4.6039	4.5828
ImageIntensity	AbsImageFilter	fill_missing_1024_bound.csv	3.0857	1.6621
ImageIntensity	AcosImageFilter	fill_missing_1024_bound.csv	2.6272	1.5982
ImageIntensity	AsinImageFilter	fill_missing_1024_bound.csv	3.3104	1.7518
ImageIntensity	AtanImageFilter	fill_missing_1024_bound.csv	6.2537	1.8973
ImageIntensity	SinImageFilter	fill_missing_1024_bound.csv	3.0789	2.1101
ImageIntensity	CosImageFilter	fill_missing_1024_bound.csv	3.1241	1.7828
ImageIntensity	TanImageFilter	fill_missing_1024_bound.csv	3.6888	2.8165
ImageIntensity	ExpImageFilter	fill_missing_1024_bound.csv	2.8727	2.7745
ImageIntensity	ExpNegativeImageFilter	fill_missing_1024_bound.csv	3.4600	2.4296
ImageIntensity	SqrtImageFilter	fill_missing_1024_bound.csv	3.2233	2.1124
ImageIntensity	SquareImageFilter	fill_missing_1024_bound.csv	2.4997	1.6739
ImageIntensity	InvertIntensityImageFilter	fill_missing_1024_bound.csv	2.9503	1.6350
ImageIntensity	BoundedReciprocalImageFilter	fill_missing_1024_bound.csv	2.0797	1.4834
ImageIntensity	RoundImageFilter	fill_missing_1024_bound.csv	3.0100	1.9569
ImageIntensity	NormalizeImageFilter	fill_missing_1024_bound.csv	6.1679	3.0736
ImageIntensity	AddImageFilter	fill_missing_1024_bound.csv	3.1145	1.7838
ImageIntensity	SubtractImageFilter	fill_missing_1024_bound.csv	3.1243	1.5311
ImageIntensity	MultiplyImageFilter	fill_missing_1024_bound.csv	2.4246	1.5167
ImageIntensity	DivideImageFilter	fill_missing_1024_bound.csv	4.4610	3.4519
ImageIntensity	DivideOrZeroOutImageFilter	fill_missing_1024_bound.csv	3.0998	1.5327
ImageIntensity	MaximumImageFilter	fill_missing_1024_bound.csv	3.0571	1.6261
ImageIntensity	MinimumImageFilter	fill_missing_1024_bound.csv	3.3151	1.7971
ImageIntensity	Atan2ImageFilter	fill_missing_1024_bound.csv	3.4716	2.6932
ImageIntensity	PowImageFilter	fill_missing_1024_bound.csv	3.6868	2.6561
ImageFeature	LaplacianImageFilter	fill_missing_1024_bound.csv	17.2503	16.4603
ImageFeature	LaplacianSharpeningImageFilter	fill_missing_1024_bound.csv	24.8690	27.5805
ImageFeature	ZeroCrossingImageFilter	fill_missing_1024_bound.csv	10.7744	9.6586
ImageFeature	SobelEdgeDetectionImageFilter	fill_missing_1024_bound.csv	33.3620	35.1330
ImageGradient	GradientMagnitudeImageFilter	fill_missing_1024_bound.csv	13.0599	13.6399
FFT	FFTShiftImageFilter	fill_missing_1024_bound.csv	9.3571	3.7683
FFT	FFTPadImageFilter	fill_missing_1024_bound.csv	2.4313	1.1022
MathematicalMorphology	GrayscaleDilateImageFilter	fill_missing_1024_bound.csv	11.9648	9.8856
MathematicalMorphology	GrayscaleErodeImageFilter	fill_missing_1024_bound.csv	11.6577	11.3834
MathematicalMorphology	GrayscaleMorphologicalOpeningImageFilter	fill_missing_1024_bound.csv	23.8312	22.6211
MathematicalMorphology	GrayscaleMorphologicalClosingImageFilter	fill_missing_1024_bound.csv	23.9678	22.0308
MathematicalMorphology	MorphologicalGradientImageFilter	fill_missing_1024_bound.csv	22.8811	25.1146
MathematicalMorphology	BlackTopHatImageFilter	fill_missing_1024_bound.csv	25.9948	24.0625
MathematicalMorphology	WhiteTopHatImageFilter	fill_missing_1024_bound.csv	25.2117	22.7081
Smoothing	MeanImageFilter	fill_missing_1024_bound.csv	36.4890	34.9531
Smoothing	MedianImageFilter	fill_missing_1024_bound.csv	38.0647	36.0729
Smoothing	BoxMeanImageFilter	fill_missing_1024_bound.csv	23.7915	22.1723
Smoothing	BoxSigmaImageFilter	fill_missing_1024_bound.csv	26.7723	25.9557
Smoothing	DiscreteGaussianImageFilter	fill_missing_1024_bound.csv	30.3731	29.4009
Smoothing	SmoothingRecursiveGaussianImageFilter	fill_missing_1024_bound.csv	13.8636	7.3054
ImageFeature	LaplacianRecursiveGaussianImageFilter	fill_missing_1024_bound.csv	19.4580	18.2075
ImageIntensity	RescaleIntensityImageFilter	fill_missing_1024_bound.csv	33.2382	24.0682
ImageIntensity	ShiftScaleImageFilter	fill_missing_1024_bound.csv	4.4117	1.7643
Thresholding	BinaryThresholdImageFilter	fill_missing_1024_bound.csv	2.6275	1.6641
Thresholding	OtsuThresholdImageFilter	fill_missing_1024_bound.csv	9.3752	8.4512
ImageCompare	AbsoluteValueDifferenceImageFilter	fill_missing_1024_bound.csv	3.2042	1.9479
ImageCompare	SquaredDifferenceImageFilter	fill_missing_1024_bound.csv	2.9886	1.7046
BinaryMathematicalMorphology	BinaryDilateImageFilter	fill_missing_1024_bound.csv	470.5893	471.8393
BinaryMathematicalMorphology	BinaryErodeImageFilter	fill_missing_1024_bound.csv	646.0336	638.1484
BinaryMathematicalMorphology	BinaryMorphologicalOpeningImageFilter	fill_missing_1024_bound.csv	1114.9991	1105.3446
BinaryMathematicalMorphology	BinaryMorphologicalClosingImageFilter	fill_missing_1024_bound.csv	1153.6995	1284.4092
DistanceMap	SignedMaurerDistanceMapImageFilter	fill_missing_1024_bound.csv	17.4022	17.0544
DistanceMap	DanielssonDistanceMapImageFilter	fill_missing_1024_bound.csv	1818.2675	2045.5712
DistanceMap	SignedDanielssonDistanceMapImageFilter	fill_missing_1024_bound.csv	3543.9895	3540.6698
LevelSets	ReinitializeLevelSetImageFilter	levelset_1024_bound.csv	522.6077	496.8629
LevelSets	GeodesicActiveContourLevelSetImageFilter	levelset_1024_bound.csv	89.0886	88.0869
LevelSets	ShapeDetectionLevelSetImageFilter	levelset_1024_bound.csv	27.4550	26.6964
LevelSets	ThresholdSegmentationLevelSetImageFilter	levelset_1024_bound.csv	34.7028	32.8214
LevelSets	CurvesLevelSetImageFilter	levelset_1024_bound.csv	89.3531	86.9876
LevelSets	LaplacianSegmentationLevelSetImageFilter	levelset_1024_bound.csv	29.1101	28.3164
LevelSets	CannySegmentationLevelSetImageFilter	levelset_1024_bound.csv	402.0483	403.2276
LevelSets	NarrowBandThresholdSegmentationLevelSetImageFilter	levelset_1024_bound.csv	101.9677	94.1738
LevelSets	NarrowBandCurvesLevelSetImageFilter	levelset_1024_bound.csv	154.9953	154.9081
LevelSets	CollidingFrontsImageFilter	levelset_1024_bound.csv	1572.0710	1501.1286
LevelSets	UnsharpMaskLevelSetImageFilter	levelset_1024_bound.csv	185.1438	185.5958
LevelSets	AnisotropicFourthOrderLevelSetImageFilter	levelset_1024_bound.csv	1734.0913	1705.6860
LevelSets	IsotropicFourthOrderLevelSetImageFilter	levelset_1024_bound.csv	1626.2149	1594.9345
LevelSets	BinaryMaskToNarrowBandPointSetFilter	levelset_1024_bound.csv	65.0272	67.4743
LevelSets	ExtensionVelocitiesImageFilter	levelset_1024_bound.csv	589.7724	564.7741
Common	MeanSquaresImageToImageMetric	metric_1024_bound.csv	46.6431	46.9245
Common	NormalizedCorrelationImageToImageMetric	metric_1024_bound.csv	68.2694	67.9313
Common	MeanReciprocalSquareDifferenceImageToImageMetric	metric_1024_bound.csv	85.7026	77.1001
Common	GradientDifferenceImageToImageMetric	metric_1024_bound.csv	106.3939	101.8540
Common	MattesMutualInformationImageToImageMetric	metric_1024_bound.csv	14.1810	14.1676
Common	MutualInformationImageToImageMetric	metric_1024_bound.csv	34500.7013	34507.2309
Common	MeanSquaresHistogramImageToImageMetric	metric_1024_bound.csv	191.0076	184.7380
Common	CorrelationCoefficientHistogramImageToImageMetric	metric_1024_bound.csv	188.0596	183.7910
Common	MutualInformationHistogramImageToImageMetric	metric_1024_bound.csv	196.8784	187.6865
Common	NormalizedMutualInformationHistogramImageToImageMetric	metric_1024_bound.csv	192.8726	186.6004
Common	KullbackLeiblerCompareHistogramImageToImageMetric	metric_1024_bound.csv	341.6862	333.7318
Common	KappaStatisticImageToImageMetric	metric_1024_bound.csv	64.3513	62.1636
Common	MatchCardinalityImageToImageMetric	metric_1024_bound.csv	1.4106	1.3573
Common	MeanSquaresPointSetToImageMetric	metric_1024_bound.csv	30.7094	31.6263
Common	MeanReciprocalSquareDifferencePointSetToImageMetric	metric_1024_bound.csv	30.9671	32.2853
Common	NormalizedCorrelationPointSetToImageMetric	metric_1024_bound.csv	32.2299	32.4193
Common	EuclideanDistancePointMetric	metric_1024_bound.csv	3427.9871	3404.8810
Common	PointSetToImageRegistrationMethod	metric_1024_bound.csv	32.9916	31.8833
Common	PointSetToPointSetRegistrationMethod	metric_1024_bound.csv	125.0744	123.8677
Metricsv4	MeanSquaresImageToImageMetricv4	metric_1024_bound.csv	34.2401	35.7390
Metricsv4	CorrelationImageToImageMetricv4	metric_1024_bound.csv	36.1614	36.3996
Metricsv4	DemonsImageToImageMetricv4	metric_1024_bound.csv	49.3160	45.1266
Metricsv4	ANTSNeighborhoodCorrelationImageToImageMetricv4	metric_1024_bound.csv	46.9349	55.0771
Metricsv4	JointHistogramMutualInformationImageToImageMetricv4	metric_1024_bound.csv	55.9281	61.0904
Metricsv4	MattesMutualInformationImageToImageMetricv4	metric_1024_bound.csv	50.7363	51.8108
Metricsv4	ObjectToObjectMultiMetricv4	metric_1024_bound.csv	63.3652	68.6992
Metricsv4	EuclideanDistancePointSetToPointSetMetricv4	metric_1024_bound.csv	22.0539	19.7300
Metricsv4	ExpectationBasedPointSetToPointSetMetricv4	metric_1024_bound.csv	1.6145	1.6432
Metricsv4	JensenHavrdaCharvatTsallisPointSetToPointSetMetricv4	metric_1024_bound.csv	4.4774	4.3303
ImageGrid	BSplineScatteredDataPointSetToImageFilter	metric_1024_bound.csv	10.5775	10.5120
Path	ContourExtractor2DImageFilter	path_mesh_1024_bound.csv	70.7187	56.3191
Path	PathToImageFilter	path_mesh_1024_bound.csv	0.3701	0.4098
Path	PathToChainCodePathFilter	path_mesh_1024_bound.csv	0.0349	0.0386
Path	ChainCodeToFourierSeriesPathFilter	path_mesh_1024_bound.csv	0.2076	0.2230
Path	ExtractOrthogonalSwath2DImageFilter	path_mesh_1024_bound.csv	0.7912	0.2148
QuadEdgeMeshFiltering	SmoothingQuadEdgeMeshFilter	path_mesh_1024_bound.csv	10.1750	10.0713
QuadEdgeMeshFiltering	CleanQuadEdgeMeshFilter	path_mesh_1024_bound.csv	25.3370	25.2899
QuadEdgeMeshFiltering	DelaunayConformingQuadEdgeMeshFilter	path_mesh_1024_bound.csv	8.3047	8.2345
QuadEdgeMeshFiltering	DiscreteMeanCurvatureQuadEdgeMeshFilter	path_mesh_1024_bound.csv	15.4410	15.2014
QuadEdgeMeshFiltering	DiscreteGaussianCurvatureQuadEdgeMeshFilter	path_mesh_1024_bound.csv	12.4015	12.3714
QuadEdgeMeshFiltering	DiscreteMaximumCurvatureQuadEdgeMeshFilter	path_mesh_1024_bound.csv	16.2164	16.0679
QuadEdgeMeshFiltering	DiscreteMinimumCurvatureQuadEdgeMeshFilter	path_mesh_1024_bound.csv	16.1716	15.9959
MathematicalMorphology	AnchorDilateImageFilter	remain_1024_bound.csv	14.8354	14.1844
MathematicalMorphology	AnchorErodeImageFilter	remain_1024_bound.csv	14.1492	16.9157
MathematicalMorphology	AnchorOpenImageFilter	remain_1024_bound.csv	10.3736	11.9998
MathematicalMorphology	AnchorCloseImageFilter	remain_1024_bound.csv	11.0614	17.4483
MathematicalMorphology	BasicDilateImageFilter	remain_1024_bound.csv	1.2764	1.3956
MathematicalMorphology	BasicErodeImageFilter	remain_1024_bound.csv	1.2761	1.4194
MathematicalMorphology	GrayscaleFunctionDilateImageFilter	remain_1024_bound.csv	2.1243	2.1061
MathematicalMorphology	GrayscaleFunctionErodeImageFilter	remain_1024_bound.csv	1.4082	1.4615
MathematicalMorphology	MovingHistogramDilateImageFilter	remain_1024_bound.csv	7.6823	6.9715
MathematicalMorphology	MovingHistogramErodeImageFilter	remain_1024_bound.csv	28.1482	13.4326
MathematicalMorphology	MovingHistogramMorphologicalGradientImageFilter	remain_1024_bound.csv	7.9598	8.6543
MathematicalMorphology	VanHerkGilWermanDilateImageFilter	remain_1024_bound.csv	1.0063	0.9597
MathematicalMorphology	VanHerkGilWermanErodeImageFilter	remain_1024_bound.csv	1.4120	1.1929
MathematicalMorphology	GrayscaleConnectedOpeningImageFilter	remain_1024_bound.csv	437.6210	417.0609
MathematicalMorphology	GrayscaleConnectedClosingImageFilter	remain_1024_bound.csv	343.5134	312.4202
MathematicalMorphology	GrayscaleGeodesicDilateImageFilter	remain_1024_bound.csv	16.4430	13.4803
MathematicalMorphology	GrayscaleGeodesicErodeImageFilter	remain_1024_bound.csv	16.0151	12.9751
MathematicalMorphology	ReconstructionByDilationImageFilter	remain_1024_bound.csv	93.1090	89.7014
MathematicalMorphology	ReconstructionByErosionImageFilter	remain_1024_bound.csv	94.6821	88.0785
MathematicalMorphology	MaskedRankImageFilter	remain_1024_bound.csv	2.0608	1.2893
LabelMap	BinaryShapeOpeningImageFilter	remain_1024_bound.csv	4.7015	4.6604
LabelMap	BinaryStatisticsOpeningImageFilter	remain_1024_bound.csv	7.1439	6.4141
LabelMap	BinaryStatisticsKeepNObjectsImageFilter	remain_1024_bound.csv	8.5609	7.7834
LabelMap	LabelShapeOpeningImageFilter	remain_1024_bound.csv	2.2604	2.5852
LabelMap	LabelShapeKeepNObjectsImageFilter	remain_1024_bound.csv	2.8855	2.9510
LabelMap	LabelStatisticsOpeningImageFilter	remain_1024_bound.csv	170.8849	168.9820
LabelMap	LabelStatisticsKeepNObjectsImageFilter	remain_1024_bound.csv	171.5745	169.1040
LabelMap	StatisticsRelabelImageFilter	remain_1024_bound.csv	172.0832	169.4332
LabelMap	BinaryReconstructionByDilationImageFilter	remain_1024_bound.csv	4.6956	4.3720
LabelMap	BinaryReconstructionByErosionImageFilter	remain_1024_bound.csv	8.4082	9.0328
LabelMap	LabelImageToShapeLabelMapFilter	remain_1024_bound.csv	2.6533	2.6692
LabelMap	LabelImageToStatisticsLabelMapFilter	remain_1024_bound.csv	171.0421	168.7128
LabelMap	BinaryImageToStatisticsLabelMapFilter	remain_1024_bound.csv	5.7263	5.2680
LabelMap	ShapeOpeningLabelMapFilter	remain_1024_bound.csv	0.0215	0.0235
LabelMap	ShapeRelabelLabelMapFilter	remain_1024_bound.csv	0.0189	0.0204
LabelMap	ShapeUniqueLabelMapFilter	remain_1024_bound.csv	0.0177	0.0189
LabelMap	AutoCropLabelMapFilter	remain_1024_bound.csv	0.0365	0.0430
LabelMap	ShiftScaleLabelMapFilter	remain_1024_bound.csv	0.0192	0.0207
LabelMap	LabelSelectionLabelMapFilter	remain_1024_bound.csv	0.0237	0.0248
LabelMap	MergeLabelMapFilter	remain_1024_bound.csv	0.0233	0.0252
LabelMap	AggregateLabelMapFilter	remain_1024_bound.csv	0.0195	0.0203
LabelMap	PadLabelMapFilter	remain_1024_bound.csv	0.0380	0.0510
LabelMap	CropLabelMapFilter	remain_1024_bound.csv	0.0196	0.0205
LabelMap	StatisticsOpeningLabelMapFilter	remain_1024_bound.csv	0.0244	0.0267
LabelMap	StatisticsRelabelLabelMapFilter	remain_1024_bound.csv	0.0184	0.0211
LabelMap	StatisticsKeepNObjectsLabelMapFilter	remain_1024_bound.csv	0.0256	0.0287
LabelMap	LabelMapMaskImageFilter	remain_1024_bound.csv	3.0102	2.7815
LabelMap	LabelMapToAttributeImageFilter	remain_1024_bound.csv	0.0239	0.0235
DisplacementField	IterativeInverseDisplacementFieldImageFilter	remain_1024_bound.csv	532.4536	573.5148
DisplacementField	DisplacementFieldToBSplineImageFilter	remain_1024_bound.csv	4.9046	5.0524
DisplacementField	TransformToDisplacementFieldFilter	remain_1024_bound.csv	0.6411	0.7900
FFT	VnlForward1DFFTImageFilter	remain_1024_bound.csv	1.8332	1.4999
FFT	VnlInverse1DFFTImageFilter	remain_1024_bound.csv	1.7748	1.6856
FFT	VnlRealToHalfHermitianForwardFFTImageFilter	remain_1024_bound.csv	142.5740	122.9410
FFT	VnlHalfHermitianToRealInverseFFTImageFilter	remain_1024_bound.csv	143.8535	124.6178
FFT	FullToHalfHermitianImageFilter	remain_1024_bound.csv	1.1925	0.9509
FFT	HalfToFullHermitianImageFilter	remain_1024_bound.csv	1.8358	0.9004
FFT	ComplexToModulusImageFilter	remain_1024_bound.csv	0.9480	0.8317
FFT	ComplexToRealImageFilter	remain_1024_bound.csv	0.9857	0.7757
FFT	ComplexToImaginaryImageFilter	remain_1024_bound.csv	0.8348	0.8005
FFT	ComplexToPhaseImageFilter	remain_1024_bound.csv	1.5754	1.2715
AnisotropicSmoothing	VectorGradientAnisotropicDiffusionImageFilter	remain_1024_bound.csv	236.8593	255.8164
AnisotropicSmoothing	VectorCurvatureAnisotropicDiffusionImageFilter	remain_1024_bound.csv	246.1250	248.4258
ImageIntensity	VectorRescaleIntensityImageFilter	remain_1024_bound.csv	3.2260	3.1331
ImageIntensity	VectorIndexSelectionCastImageFilter	remain_1024_bound.csv	0.7839	0.7544
ImageGrid	WarpVectorImageFilter	remain_1024_bound.csv	1.4836	1.5608
ImageIntensity	TernaryMagnitudeImageFilter	remain_1024_bound.csv	1.0722	0.9053
ImageIntensity	BinaryMagnitudeImageFilter	remain_1024_bound.csv	0.9723	0.9307
ImageIntensity	EdgePotentialImageFilter	remain_1024_bound.csv	3.3841	3.7060
ImageFusion	LabelToRGBImageFilter	remain_1024_bound.csv	1.5985	1.5595
ImageFusion	LabelOverlayImageFilter	remain_1024_bound.csv	2.0979	1.9394
ImageIntensity	RGBToLuminanceImageFilter	remain_1024_bound.csv	3.1462	3.1703
ImageGrid	InterpolateImageFilter	remain_1024_bound.csv	13.1911	14.4971
ImageGrid	SliceImageFilter	remain_1024_bound.csv	0.9611	0.8442
Thresholding	HistogramThresholdImageFilter	remain_1024_bound.csv	3.6478	3.3851
BiasCorrection	N4BiasFieldCorrectionImageFilter	remain_1024_bound.csv	354.5860	363.8183
ImageSources	GridImageSource	remain_1024_bound.csv	53.6067	52.0352
ImageSources	PhysicalPointImageSource	remain_1024_bound.csv	1.2736	1.2960
ImageFeature	HoughTransform2DLinesImageFilter	remain_1024_bound.csv	0.1800	0.0796
ImageFeature	HessianToObjectnessMeasureImageFilter	remain_1024_bound.csv	43.1541	40.2955
ImageStatistics	LabelOverlapMeasuresImageFilter	remain_1024_bound.csv	1.1039	0.8759
ImageStatistics	LabelStatisticsImageFilter	remain_1024_bound.csv	0.7835	1.0555
Common	ImageRegistrationMethod	remain_1024_bound.csv	116.7234	108.6244
PDEDeformable	DiffeomorphicDemonsRegistrationFilter	remain_1024_bound.csv	113.4916	80.0573
PDEDeformable	LevelSetMotionRegistrationFilter	remain_1024_bound.csv	79.0054	32.5031
Common	BlockMatchingImageFilter	remain_1024_bound.csv	0.7972	0.7179
Denoising	PatchBasedDenoisingImageFilter	remain_1024_bound.csv	893.6198	847.9688
Voronoi	VoronoiSegmentationImageFilter	remain_1024_bound.csv	1.0918	1.0800
Voronoi	VoronoiPartitioningImageFilter	remain_1024_bound.csv	1.2332	1.2497
LabelVoting	MultiLabelSTAPLEImageFilter	remain_1024_bound.csv	112.8622	111.4031
Classifiers	BayesianClassifierInitializationImageFilter	remain_1024_bound.csv	2815.3770	2779.1755
ImageIntensity	TernaryMagnitudeSquaredImageFilter	remain_1024_bound.csv	0.7782	0.6966
ImageIntensity	MagnitudeAndPhaseToComplexImageFilter	remain_1024_bound.csv	4.8374	3.6850
ImageGrid	PadImageFilter	remain_1024_bound.csv	0.8422	0.8206
ImageGradient	VectorGradientMagnitudeImageFilter	remain_1024_bound.csv	832.9583	832.3212
ImageFrequency	FrequencyBandImageFilter	remain_1024_bound.csv	1.8722	1.2319
ImageFusion	LabelMapOverlayImageFilter	remain_1024_bound.csv	0.0528	0.0528
ImageFusion	LabelMapToRGBImageFilter	remain_1024_bound.csv	0.0224	0.0242
LabelMap	ChangeRegionLabelMapFilter	remain_1024_bound.csv	0.0194	0.0212
LabelMap	ShapeLabelMapFilter	remain_1024_bound.csv	0.0195	0.0206
LabelMap	StatisticsLabelMapFilter	remain_1024_bound.csv	0.0298	0.0305
LabelMap	ConvertLabelMapFilter	remain_1024_bound.csv	0.0187	0.0198
